"","country","gdppc99","lngdp99","ISO_qual","ISO_envt","wtr_pltn","lnpoison","lnintest","UnofEcon","lab_inf","roa","markcom","cor_aart","cor_icrg","xconst45_98","P_execon","gov_eff","EffectLg","Competit","autoc45_98","pright_av","legor_fr","legor_so","legor_ge","legor_sc","legor_en","civil_fh","prop97","prop_hf9","response","sanita_who","expense_heal","cost_priv","steps","procedures","time_99","cost_99","cost_pct"
"1","Argentina",7600,8.93590354919434,0.0226197000592947,0.00103709998074919,0.210500001907349,2.58652997016907,3.89246702194214,21.7999992370605,NA,0.198638498783112,4.40000009536743,0.77968168258667,0.800000011920929,3.14000010490417,3.59999990463257,0.26204439997673,0.976743996143341,1.02325999736786,4.61999988555908,0.634674906730652,1,0,0,0,0,0.666666686534882,0.75,4,5.93357801437378,89,NA,350.179992675781,13,14,48,774.390014648438,0.100000001490116
"2","Armenia",490,6.19440603256226,0.0254699997603893,NA,0.230000004172325,2.68648600578308,3.86639809608459,40.2999992370605,26.7000007629395,0.123599998652935,NA,0.951165080070496,NA,2.92593002319336,3.28571391105652,-0.654661774635315,NA,NA,6.37036991119385,0.460612297058105,0,1,0,0,0,0.5,0.5,3,5.18056392669678,NA,NA,24.6599998474121,11,11,55,62.0900001525879,0.129999995231628
"3","Australia",20050,9.90598487854004,0.764615118503571,0.0189939998090267,0.19149999320507,2.59693193435669,0.475562512874603,14.039999961853,6.40000009536743,0.0902167037129402,5.19999980926514,0.171253800392151,0.200000002980232,7,7,1.45869398117065,3,2,0,1,0,0,0,0,1,1,1,5,6.86198282241821,NA,9,0,2,2,2,450.359985351562,0.0199999995529652
"4","Austria",25970,10.1646995544434,0.40199801325798,0.0163525007665157,0.145199999213219,2.35432410240173,-0.901689887046814,11.0100002288818,16,0.164589405059814,5.40000009536743,0.217957705259323,0.260000109672546,7,7,1.21872496604919,3,2,0,1,0,0,1,0,0,1,1,5,6.85747385025024,NA,5.75,2000,8,9,37,7085.35009765625,0.270000010728836
"5","Belgium",24510,10.106840133667,0.311678111553192,0.00716389995068312,0.161100000143051,2.88838291168213,1.54233694076538,19.8099994659424,NA,0.0880502983927727,5.30000019073486,0.472734808921814,0.540000021457672,7,7,0.883261680603027,3,2,0,1,1,0,0,0,0,0.833333313465118,1,5,6.81972980499268,NA,8.10000038146973,977.950012207031,7,8,33,2447.21997070312,0.100000001490116
"6","Bolivia",1010,6.91770601272583,0.000257500010775402,0,0.230599999427795,NA,5.36039781570435,65.5999984741211,51.2999992370605,NA,3.70000004768372,0.832663476467133,0.600000023841858,3.51999998092651,3.57142901420593,-0.222923502326012,1,0.953487992286682,3.48000001907349,0.622291028499603,1,0,0,0,0,0.666666686534882,0.5,3,4.57999992370605,34.5999984741211,2.20000004768372,2035,20,20,88,2682.3701171875,2.66000008583069
"7","Brazil",4420,8.39389514923096,0.0226341001689434,0.000536600011400878,0.194100007414818,3.66590690612793,5.10925388336182,33.4000015258789,49.2000007629395,0.197374001145363,4.80000019073486,0.671932280063629,0.600000023841858,3.69231009483337,3.11764693260193,-0.219935402274132,1.60465002059937,1.81394994258881,3,0.640866875648499,1,0,0,0,0,0.5,0.5,3,4.80999994277954,73,3.90000009536743,537.440002441406,11,15,63,890.359985351562,0.200000002980232
"8","Bulgaria",1380,7.22983884811401,0.0115494998171926,0,0.143299996852875,3.47225689888,1.2939749956131,29.4699993133545,63,0.146999999880791,4,0.871354520320892,0.400000005960464,3.67925000190735,3.57142901420593,-0.814130902290344,1,1.02325999736786,5.79244995117188,0.263157904148102,0,1,0,0,0,0.666666686534882,0.5,3,4.42999982833862,NA,6.30000019073486,66.8399963378906,10,10,27,198.789993286133,0.140000000596046
"9","Burkina Faso",240,5.48063898086548,0,0,NA,NA,NA,32,65,NA,NA,0.809881091117859,0.620000004768372,1.92104995250702,1.93939399719238,-0.0592009015381336,0,0,5.60525989532471,0.2569659948349,1,0,0,0,0,0.5,0.5,3,4.17999982833862,NA,NA,543.710021972656,14,14,33,765.179992675781,3.19000005722046
"10","Canada",19320,9.86889553070068,0.250440806150436,0.00343389995396137,0.173299998044968,2.93069410324097,-0.883903205394745,12.4499998092651,4.40000009536743,0.156858205795288,5.40000009536743,0.0238559003919363,0,7,7,1.71734797954559,3,2,0,1,0,0,0,0,1,1,1,5,6.9799017906189,85,NA,0,2,2,2,279.899993896484,0.00999999977648258
"11","Chile",4740,8.46379280090332,0.00417179986834526,6.83999969623983e-05,0.230000004172325,2.60223197937012,3.81141805648804,27.6000003814697,40,0.181217595934868,5.59999990463257,0.356762886047363,0.400000005960464,3.66667008399963,3.31428599357605,1.1658810377121,1.88372004032135,1.25581002235413,2.09259009361267,0.393188804388046,1,0,0,0,0,0.833333313465118,1,5,5.8087477684021,83,NA,383,10,10,28,620.130004882812,0.129999995231628
"12","China",780,6.65929412841797,0.00670329993590713,7.63999996706843e-05,0.134700000286102,3.17302393913269,3.8805980682373,NA,21.8999996185303,0.108527697622776,5.69999980926514,0.784361183643341,0.800000011920929,2.32074999809265,2.3714280128479,0.0155899999663234,0.906976997852325,0.906976997852325,7.50942993164062,0.0340556986629963,0,1,0,0,0,0.166666701436043,0.25,2,5.19891500473022,NA,NA,48.310001373291,10,12,92,110.51000213623,0.140000000596046
"13","Colombia",2250,7.7186861038208,0.00531940022483468,7.49000028008595e-05,0.198599994182587,3.29284596443176,5.22467517852783,30.0499992370605,53.7999992370605,0.141933396458626,4.30000019073486,0.849679410457611,0.800000011920929,5.07406997680664,6.14285707473755,-0.0566259995102882,1.69766998291016,1.81394994258881,1.05555999279022,0.752322018146515,1,0,0,0,0,0.5,0.5,3,5.30063104629517,56,3,88.4899978637695,16,18,48,332.989990234375,0.150000005960464
"14","Croatia",4580,8.42945384979248,0.0253794994205236,0.000629200018011034,0.16329999268055,3.50590205192566,1.66880202293396,30.3999996185303,70,0.237800002098083,NA,0.841154873371124,NA,3.19231009483337,3.34285688400269,0.149624302983284,NA,NA,6.38462018966675,0.269349813461304,0,1,0,0,0,0.5,0.25,2,5.32094097137451,68.0999984741211,NA,1534.06005859375,11,12,38,2062.3701171875,0.449999988079071
"15","Czech Republic",5060,8.52912139892578,0.140041306614876,0.00407599983736873,0.135299995541573,3.5370659828186,0.444396704435349,18.2000007629395,NA,0.0774449035525322,5.09999990463257,0.565983593463898,0.400000005960464,3.84614992141724,3.58823490142822,0.594645798206329,1.0465099811554,1.0465099811554,5.5,0.318885505199432,0,1,0,0,0,0.833333313465118,0.75,4,5.78150606155396,NA,5.90000009536743,115.48999786377,10,10,65,416.130004882812,0.0799999982118607
"16","Denmark",32030,10.3744297027588,0.416333913803101,0.0265779998153448,0.173600003123283,3.13889598846436,1.8162750005722,15.5699996948242,15.3999996185303,0.25540891289711,5.40000009536743,0,0,7,7,1.72105205059052,3,2,0,1,0,0,0,1,0,1,1,5,7.12206983566284,100,6.80000019073486,0,3,3,3,3203,0.100000001490116
"17","Dominican Republic",191,5.25227403640747,0,0,NA,NA,NA,NA,52,NA,NA,0.941355586051941,0.400000005960464,3.33999991416931,4.3636360168457,-0.832540094852448,NA,NA,3.83999991416931,0.770897924900055,1,0,0,0,0,0.666666686534882,0.25,2,5.13550519943237,60,NA,564.460021972656,19,21,80,884.5,4.63000011444092
"18","Ecuador",1310,7.17778301239014,0.00134039996191859,8.37999978102744e-05,0.245399996638298,3.67933392524719,6.07926893234253,31.2000007629395,58.7999992370605,NA,3.40000009536743,0.956359386444092,0.46000000834465,4.1481499671936,4.11428594589233,-0.561960875988007,1.23256003856659,1.23256003856659,1.68518996238708,0.62848299741745,1,0,0,0,0,0.666666686534882,NA,3,5.32000017166138,54,NA,581.200012207031,16,16,72,815.200012207031,0.620000004768372
"19","Egypt, Arab Rep.",1400,7.24422693252563,0.00637969980016351,0.000215399995795451,0.199200004339218,3.37591910362244,6.2616868019104,68,64.1999969482422,0.164429903030396,4.90000009536743,0.777382791042328,0.800000011920929,3.51852011680603,3,-0.137952297925949,0.839999973773956,0.879999995231628,5.68518018722534,0.250773906707764,1,0,0,0,0,0.333333313465118,0.5,3,5.05999994277954,NA,5,737.900024414062,11,11,51,1352.26000976562,0.970000028610229
"20","Finland",23780,10.0766000747681,0.282109886407852,0.0345209985971451,0.178900003433228,2.14534711837769,1.54590499401093,13.3000001907349,NA,0.219518795609474,5,0.0144100999459624,0,7,7,1.63475799560547,3,2,0,0.907120823860168,0,0,0,1,0,1,1,5,6.75590181350708,100,9.89999961853027,0,3,5,24,276.720001220703,0.00999999977648258
"21","France",23480,10.0638999938965,0.242189198732376,0.0050335000269115,0.154499992728233,2.05744910240173,1.91483700275421,12.3999996185303,9,0.141556099057198,5.5,0.274632185697556,0.400000005960464,5.28302001953125,4.68571376800537,1.27953195571899,2.2790699005127,2,0.20754699409008,1,1,0,0,0,0,0.833333313465118,0.75,4,6.82207918167114,NA,9.89999961853027,597.02001953125,15,15,53,3358.34008789062,0.140000000596046
"22","Georgia",620,6.42971897125244,0,0,NA,NA,NA,48.8800010681152,36.7000007629395,NA,NA,0.931853413581848,NA,3.03703999519348,3.05714297294617,-0.512081980705261,NA,NA,6.27778005599976,0.1950463950634,0,1,0,0,0,0.5,0.25,4,4.32999992370605,NA,NA,88,13,13,69,375,0.600000023841858
"23","Germany",25350,10.1405296325684,0.293099910020828,0.0079322000965476,0.12049999833107,1.91294598579407,1.00795900821686,13.6099996566772,22,0.238988503813744,5.80000019073486,0.165022596716881,0.200000002980232,7,7,1.40920901298523,3,2,0,1,0,0,1,0,0,0.833333313465118,1,5,7.09865808486938,NA,NA,2332.19995117188,8,10,42,3976.35009765625,0.159999996423721
"24","Ghana",390,5.96614694595337,0.00011120000272058,0,0.173800006508827,2.77169704437256,NA,NA,72.3000030517578,NA,NA,0.788417220115662,0.600000023841858,1.94286000728607,1.59375,-0.286777585744858,0.4375,0.625,5.51428985595703,0.250773906707764,0,0,0,0,1,0.666666686534882,0.5,3,4.80000019073486,27,1.20000004768372,0.28999999165535,10,10,45,84.8399963378906,0.219999998807907
"25","Greece",11770,9.37330913543701,0.0726097971200943,0.000950400019064546,0.195899993181229,3.21687388420105,1.09132897853851,25.3850002288818,NA,0.219494193792343,5.09999990463257,0.423062413930893,0.200000002980232,5.79244995117188,5.11764717102051,0.55969101190567,1.97674000263214,1.93023002147675,1.94340002536774,0.863777101039886,1,0,0,0,0,0.666666686534882,0.75,4,6.04667091369629,NA,4.80000019073486,2230.3701171875,14,15,36,6896.77001953125,0.589999973773956
"26","Hong Kong SAR",23520,10.0656099319458,0.298369705677032,0.00861269980669022,0.140799999237061,3.05301809310913,-0.677198827266693,13,NA,0.0643612965941429,5.5,0.264595091342926,0.219999998807907,NA,NA,1.24834001064301,NA,NA,NA,NA,0,0,0,0,1,NA,1,5,NA,NA,NA,27.7600002288818,4,5,15,783.869995117188,0.0299999993294477
"27","Hungary",4650,8.44462203979492,0.163467898964882,0.00275729992426932,0.177499994635582,3.3319239616394,-0.561445772647858,28.8500003814697,NA,0.232518494129181,5.19999980926514,0.49141401052475,0.200000002980232,3.73468995094299,3.59999990463257,0.606456398963928,1,1,5.65305995941162,0.461300313472748,0,1,0,0,0,0.833333313465118,0.75,NA,5.46999979019165,NA,5.75,2717.43994140625,5,8,39,3992.96997070312,0.860000014305115
"28","India",450,6.10924816131592,0.00347610004246235,4.1600000258768e-05,0.194600000977516,3.32903099060059,4.54566097259521,22.3999996185303,50.4000015258789,0.124310001730919,5.19999980926514,0.789832711219788,0.600000023841858,6.95917987823486,6.94285678863525,-0.26374688744545,2.54053997993469,2,0,0.777089774608612,0,0,0,0,1,0.666666686534882,0.5,3,5.01660490036011,16.2000007629395,3.20000004768372,160.179992675781,10,10,77,259.929992675781,0.579999983310699
"29","Indonesia",580,6.36302804946899,0.0072099999524653,0.000274999998509884,0.223000004887581,NA,4.06025409698486,39.2000007629395,37.4000015258789,0.18412110209465,4.40000009536743,0.949758112430573,0.660000026226044,2.98147988319397,2.20000004768372,-0.528262794017792,1,1.13157999515533,5.6111102104187,0.22600619494915,1,0,0,0,0,0.5,0.5,3,5.46000003814697,55.4000015258789,3.70000004768372,287.920013427734,11,11,128,312.010009765625,0.540000021457672
"30","Ireland",19160,9.86058044433594,0.779568374156952,0.0262222997844219,0.162499994039536,2.18886995315552,0.364291697740555,16.7399997711182,NA,0.233550995588303,5.09999990463257,0.182215392589569,0.400000005960464,7,7,1.36109697818756,3,2,0,1,0,0,0,0,1,1,1,5,6.51530408859253,NA,8,35.7599983215332,3,3,16,2216.3798828125,0.119999997317791
"31","Israel",15860.2998046875,9.67157459259033,0.633995890617371,0.00428379978984594,0.157100006937981,0.927314579486847,1.44767498970032,29,NA,0.235130295157433,4.90000009536743,0.276483207941055,0.260000109672546,7,7,0.685072422027588,3,2,0,0.869969010353088,0,0,0,0,1,0.833333313465118,0.75,4,6.70038318634033,70,4.19999980926514,98.9800033569336,5,5,32,3381.6201171875,0.209999993443489
"32","Italy",19710,9.88888168334961,0.314569801092148,0.00213830010034144,0.127399995923042,2.16107201576233,1.0930210351944,21.8400001525879,39,0.244320303201675,4.90000009536743,0.430358588695526,0.400000005960464,7,7,0.772869288921356,3,2,0,0.975232183933258,1,0,0,0,0,0.833333313465118,0.75,4,6.65077018737793,NA,8.30000019073486,1421.10998535156,11,16,62,3945.77001953125,0.200000002980232
"33","Jamaica",2330,7.75362300872803,0.00860000029206276,0.00209999992512167,0.209999993443489,NA,NA,21.2999992370605,NA,NA,NA,0.728317975997925,0.600000023841858,7,7,-0.484201312065125,2.77778005599976,2,0,0.857585072517395,0,0,0,0,1,0.833333313465118,NA,NA,5.03284788131714,74,2.90000009536743,0,5,6,24,437.899993896484,0.189999997615814
"34","Japan",32230,10.3806495666504,0.0683571025729179,0.0122381001710892,0.143800005316734,1.69087994098663,2.02040410041809,11.664999961853,NA,0.219779193401337,5.40000009536743,0.455904990434647,0.260000109672546,7,7,0.83898788690567,3,2,0,0.938080489635468,0,0,1,0,0,0.833333313465118,1,5,6.99667692184448,85,NA,1165.82995605469,11,11,26,3742.06005859375,0.119999997317791
"35","Jordan",1500,7.3132209777832,0.0380901992321014,0.000450799998361617,0.180999994277954,NA,NA,NA,NA,NA,5,0.645519196987152,0.400000005960464,2.20755004882812,1.79999995231628,0.629615902900696,0.953487992286682,0.720929980278015,7.84906005859375,0.287925690412521,1,0,0,0,0,0.5,0.75,4,5.24641180038452,70,6.69999980926514,14.1000003814697,12,14,64,805.359985351562,0.540000021457672
"36","Kazakhstan",1230,7.11476898193359,0,0,0.261999994516373,5.34920120239258,4.54345512390137,42.2999992370605,40,0.134399995207787,NA,0.972403883934021,NA,2.66667008399963,3.05714297294617,-0.823777973651886,NA,NA,6.79629993438721,0.102167196571827,0,1,0,0,0,0.333333313465118,NA,2,5.1937141418457,NA,NA,58,12,12,42,583.820007324219,0.469999998807907
"37","Kenya",360,5.88610410690308,0.0145396003499627,0,0.236100003123283,NA,5.34499979019165,NA,40.7999992370605,NA,NA,0.901920914649963,0.600000023841858,3.25,3.16666698455811,-0.899427175521851,1,1.84615004062653,5.75,0.21362230181694,0,0,0,0,1,0.333333313465118,0.5,3,4.67059183120728,67.25,5.09999990463257,39.8899993896484,9,11,54,182.509994506836,0.509999990463257
"38","Korea, Rep.",8490,9.04664421081543,0.168054595589638,0.00571849988773465,0.122100003063679,3.37636494636536,4.1515908241272,29.1499996185303,NA,0.147404506802559,4.59999990463257,0.638984620571136,0.400000005960464,3.14000010490417,3.1714289188385,0.408682495355606,1.11110997200012,1.11110997200012,3.96000003814697,0.560371518135071,0,0,1,0,0,0.833333313465118,1,5,6.11999988555908,100,5.75,269.510009765625,11,13,27,1381.14001464844,0.159999996423721
"39","Kyrgyz Republic",300,5.70378303527832,0,0,0.160300001502037,5.11246490478516,3.99443507194519,35.7999992370605,40,0.0842000022530556,NA,0.938269078731537,NA,2.92593002319336,3.28571391105652,-0.575168907642365,NA,NA,6.33333015441895,0.176470592617989,0,1,0,0,0,0.333333313465118,NA,4,4.91150379180908,52.7999992370605,3.40000009536743,60.1399993896484,9,9,32,75.9700012207031,0.25
"40","Latvia",2470,7.8119740486145,0.00567949982360005,0,0.172600001096725,3.80666303634644,3.25356101989746,27.6499996185303,NA,0.104000002145767,NA,0.776122272014618,NA,3.33332991600037,3.51428604125977,0.0676380023360252,NA,NA,6.12963008880615,0.826625406742096,0,1,0,0,0,0.833333313465118,0.75,3,5.36913108825684,NA,2.40000009536743,198.309997558594,7,7,23,1045.76000976562,0.419999986886978
"41","Lebanon",3700,8.21608829498291,0.00892530009150505,0.000241200003074482,NA,NA,NA,NA,NA,NA,NA,0.819425582885742,1,3.16667008399963,3.23809504508972,0.174306005239487,1.67441999912262,1.69766998291016,1.66666996479034,0.337461292743683,1,0,0,0,0,0.333333313465118,0.5,3,5.60986614227295,NA,2.79999995231628,4625.41015625,9,9,63,5798.58984375,1.57000005245209
"42","Lithuania",2620,7.87093019485474,0.0107944998890162,0.000269899988779798,0.153600007295609,5.61285400390625,4.14159679412842,27.7700004577637,NA,NA,NA,0.679551184177399,NA,3.33332991600037,3.51428604125977,0.126847594976425,NA,NA,6.12963008880615,0.356037110090256,0,1,0,0,0,0.833333313465118,0.5,3,5.3116660118103,NA,NA,13,9,10,46,143.080001831055,0.0500000007450581
"43","Madagascar",250,5.52146100997925,0,0,NA,NA,NA,61.4000015258789,57.5,NA,NA,0.842863976955414,0.400000005960464,3.68421006202698,3.39393901824951,-0.294575899839401,0.857142984867096,1.71429002285004,3.78946995735168,0.430340588092804,1,0,0,0,0,0.5,0.5,3,4.29053401947021,3,0.899999976158142,26.1800003051758,17,17,152,106.569999694824,0.430000007152557
"44","Malawi",190,5.24702405929565,0.0147399995476007,NA,0.259999990463257,NA,NA,NA,51.7000007629395,NA,NA,0.753726124763489,0.600000023841858,1.57142996788025,1.20000004768372,-0.624839901924133,1.08000004291534,1,7.68570995330811,0.219814196228981,0,0,0,0,1,0.666666686534882,0.5,3,4.42313385009766,69.5,9.44999980926514,0,12,12,51,35.8300018310547,0.189999997615814
"45","Malaysia",3400,8.13153076171875,0.0787834003567696,0.00396919995546341,0.125,3.9906919002533,1.98618805408478,39,NA,0.0661036968231201,4.59999990463257,0.485151410102844,0.400000005960464,5.38094997406006,6.77142906188965,0.714095771312714,2,1.73076999187469,0.761905014514923,0.554179489612579,0,0,0,0,1,0.333333313465118,0.75,4,6.32000017166138,92.3999862670898,1.64999997615814,77.0800018310547,7,7,42,899.299987792969,0.259999990463257
"46","Mali",240,5.48063898086548,0.00457999994978309,0,NA,NA,NA,NA,36,NA,NA,0.84498131275177,0.600000023841858,2.15789008140564,2,-0.0522807985544205,0.51724100112915,0.758620977401733,5.71052980422974,0.21362230181694,1,0,0,0,0,0.666666686534882,0.5,3,3.7401111125946,NA,0.5,NA,14,16,59,NA,NA
"47","Mexico",4400,8.38935947418213,0.0103658000007272,0.00041340000461787,0.191200003027916,2.62844300270081,5.78669595718384,37.7000007629395,NA,0.23440970480442,4.40000009536743,0.780518174171448,0.800000011920929,3.24074006080627,3,0.178865596652031,2,2,4.59258985519409,0.535603702068329,1,0,0,0,0,0.5,0.5,3,5.66083383560181,63.0999984741211,2.90000009536743,1855.68005371094,15,15,67,2492.03002929688,0.569999992847443
"48","Mongolia",350,5.85793304443359,0.0258789993822575,NA,0.180000007152557,NA,NA,16.8999996185303,11.5,NA,NA,0.73772919178009,0.400000005960464,3.33332991600037,3.40000009536743,0.0176893994212151,1,1,6.16666984558105,0.250773906707764,0,1,0,0,0,0.666666686534882,0.5,3,5.78999996185303,NA,12.1999998092651,0,5,5,22,11.5900001525879,0.0299999993294477
"49","Morocco",1200,7.09007692337036,0.00632000016048551,0.000653999974019825,0.200000002980232,NA,NA,39,NA,NA,NA,0.650012493133545,0.600000023841858,1.93023002147675,1.77142894268036,0.267083406448364,0.545454978942871,0.545454978942871,7.5348801612854,0.399380803108215,1,0,0,0,0,0.5,0.75,3,4.58371877670288,63.2000007629395,3.20000004768372,81.5999984741211,13,13,57,255.089996337891,0.209999993443489
"50","Mozambique",230,5.43807888031006,0,0,0.270999997854233,NA,6.21246194839478,68.8000030517578,72.5,NA,NA,0.864142775535583,0.400000005960464,2.75,2.57894706726074,-0.330730795860291,0.857142984867096,0.857142984867096,5.875,0.202476799488068,1,0,0,0,0,0.5,0.25,4,3.7282509803772,21,1.64999997615814,162.759994506836,19,19,149,256.350006103516,1.11000001430511
"51","Netherlands",24320,10.0990495681763,0.677260220050812,0.021849200129509,0.181600004434586,1.54516196250916,-0.21954970061779,13.0900001525879,NA,0.306333214044571,5.69999980926514,0.0332849994301796,0,7,7,2.03024101257324,3,2,0,1,1,0,0,0,0,1,1,5,6.92190885543823,99.9000015258789,8.39999961853027,4266.22998046875,6,8,31,4478.39990234375,0.180000007152557
"52","New Zealand",13780,9.53097343444824,0.686253726482391,0.00877430010586977,0.222599998116493,1.7538880109787,1.18628704547882,9.63000011444092,NA,0.108436398208141,5.09999990463257,0.0175410006195307,0.200000002980232,7,7,1.57128703594208,3,2,0,1,0,0,0,0,1,1,1,5,6.6539831161499,NA,6.90000009536743,0,3,3,3,72.7099990844727,0.00999999977648258
"53","Nigeria",310,5.73657178878784,0.000169499995536171,0,0.1824000030756,NA,NA,56,48.9000015258789,NA,NA,1,0.800000011920929,2.78378009796143,2.94117593765259,-1.32076704502106,0.758620977401733,0.724138021469116,4.81081008911133,0.2569659948349,0,0,0,0,1,0.666666686534882,0.5,3,4.60064077377319,62.1500015258789,1.16799998283386,0,9,9,36,796.710021972656,2.5699999332428
"54","Norway",32880,10.4006204605103,0.34127289056778,0.0138507001101971,0.204600006341934,3.04681611061096,2.3042459487915,12.1499996185303,NA,0.196007207036018,4.59999990463257,0.143531203269958,0.200000002980232,7,7,1.66621804237366,3,2,0,1,0,0,0,1,0,1,1,5,6.98095512390137,NA,8.39999961853027,683.460021972656,4,4,18,1551.4599609375,0.0500000007450581
"55","Pakistan",470,6.15273284912109,0.00113280001096427,1.56000005517853e-05,0.176300004124641,NA,5.1829628944397,39,60,0.180264204740524,NA,0.94000768661499,0.620000004768372,4.08333015441895,2.65714311599731,-0.744444489479065,0.972221970558167,1.02778005599976,2.41667008399963,0.374612987041473,0,0,0,0,1,0.333333313465118,0.75,2,4.94614315032959,24.5,4.5,0,8,8,50,164.309997558594,0.349999994039536
"56","Panama",3070,8.02943325042725,0.00625229999423027,0,0.292699992656708,NA,4.60604810714722,51.0499992370605,NA,NA,NA,0.839283585548401,0.800000011920929,3.61110997200012,3.1714289188385,-0.276571989059448,1.67441999912262,1.53488004207611,3.24074006080627,0.374612987041473,1,0,0,0,0,0.833333313465118,0.5,3,5.5171480178833,NA,10,225,7,7,15,943.75,0.310000002384186
"57","Peru",2390,7.77904796600342,0.00188750005327165,0.000164099998073652,0.206599995493889,3.21793389320374,5.68105697631836,50.7000007629395,54.5999984741211,0.193109601736069,4.90000009536743,0.755344688892365,0.600000023841858,3.76922988891602,3.90909099578857,0.173464596271515,1.51163005828857,1.20930004119873,2.21153998374939,0.467492192983627,1,0,0,0,0,0.5,0.5,4,4.23999977111816,45,2.40000009536743,314.700012207031,6,8,83,474.700012207031,0.200000002980232
"58","Philippines",1020,6.92755794525146,0.00908510014414787,0.000367200002074242,0.186499997973442,3.2831859588623,4.83309412002563,50,30.6000003814697,0.12474849820137,4.69999980926514,0.764611721038818,0.600000023841858,4.0377402305603,3.79411792755127,0.126460492610931,1.88372004032135,1.51163005828857,2.81132006645203,0.541795670986176,1,0,0,0,0,0.666666686534882,0.75,4,5.75,77.4499969482422,1.60000002384186,61.2900009155273,9,14,46,193.5,0.189999997615814
"59","Poland",3960,8.2839994430542,0.0198705997318029,0.00038809998659417,0.159600004553795,4.254234790802,1.03644394874573,22.7999992370605,NA,0.303423285484314,4.90000009536743,0.531056225299835,0.200000002980232,3.53846001625061,3.40000009536743,0.674021899700165,1,1.09301996231079,5.63462018966675,0.442724406719208,0,1,0,0,0,0.833333313465118,0.75,4,5.73000001907349,NA,5.09999990463257,484.899993896484,9,11,58,1008.09002685547,0.25
"60","Portugal",10600,9.26860904693604,0.0949221029877663,0.00150829995982349,0.144899994134903,2.04541993141174,2.27186489105225,18.4850006103516,NA,0.0612899996340275,5.09999990463257,0.295550912618637,0.200000002980232,3.53846001625061,4.27272701263428,1.1512039899826,1.44185996055603,1.32558000087738,5.01922988891602,0.863777101039886,1,0,0,0,0,1,0.75,4,6.00354290008545,NA,4.59999990463257,703.109985351562,10,12,76,1954.57995605469,0.180000007152557
"61","Romania",1520,7.32646608352661,0.011926899664104,4.42999989900272e-05,0.13740000128746,4.11811399459839,2.5402979850769,22.25,42.7000007629395,NA,NA,0.838882327079773,0.600000023841858,3.1800000667572,2.94117593765259,-0.569548726081848,1,1.32558000087738,5.98000001907349,0.176470592617989,0,1,0,0,0,0.833333313465118,0.25,2,5.35410594940186,49,2.59999990463257,54,13,16,97,232.740005493164,0.150000005960464
"62","Russian Federation",2270,7.72753477096558,0.000898000027518719,0,0.159999996423721,5.41327619552612,4.36411809921265,31.7600002288818,42.2000007629395,0.118164598941803,3.90000009536743,0.890579521656036,0.800000011920929,2.79629993438721,3.52941203117371,-0.594515323638916,1,1,6.29629993438721,0.244581997394562,0,1,0,0,0,0.333333313465118,0.5,3,5.37079620361328,NA,2.29999995231628,301.510009765625,20,20,57,449.299987792969,0.200000002980232
"63","Senegal",510,6.23441076278687,0.000113800000690389,0,0.315100014209747,NA,NA,60,62.4000015258789,NA,NA,0.767013013362885,0.600000023841858,3,3,0.0473930984735489,1,1,4.60525989532471,0.442724406719208,1,0,0,0,0,0.5,0.75,3,4.96000003814697,34,1.75,464.75,16,16,69,628.859985351562,1.23000001907349
"64","Singapore",29610,10.2958698272705,0.966650485992432,0.0251329001039267,0.100000001490116,0.867500424385071,2.01228594779968,13,NA,0.0561292991042137,4.90000009536743,0.0588794015347958,0.400000005960464,3.42105007171631,3,2.08219790458679,1.125,2,3.68421006202698,0.386996895074844,0,0,0,0,1,0.333333313465118,1,5,6.70253705978394,98.4000015258789,3,1850.18994140625,6,7,22,3525.18994140625,0.119999997317791
"65","Slovak Republic",3590,8.1859073638916,0.106811799108982,0.00278640002943575,0.150000005960464,3.52153491973877,3.76401805877686,19.1800003051758,NA,0.078040599822998,4.19999980926514,0.680862188339233,0.600000023841858,3.75,3.47058796882629,-0.0317541994154453,NA,NA,5.5,0.275541812181473,0,1,0,0,0,0.833333313465118,0.5,3,5.51000022888184,50.9000015258789,NA,390.630004882812,11,12,89,521.440002441406,0.150000005960464
"66","Slovenia",9890,9.19927978515625,0.252774506807327,0.0060423999093473,0.163399994373322,3.09605503082275,3.54597210884094,26.4300003051758,31,0.186299994587898,NA,0.358838886022568,NA,3.80768990516663,3.74285697937012,0.567266821861267,NA,NA,5.69230985641479,0.417956709861755,0,1,0,0,0,0.833333313465118,0.5,3,6.04155921936035,89.5,7.30000019073486,1192.92004394531,8,9,47,2080.21997070312,0.209999993443489
"67","South Africa",3160,8.05832767486572,0.0533449985086918,0.000738899980206043,0.167400002479553,NA,NA,9,NA,0.144440203905106,4.69999980926514,0.593675076961517,0.200000002980232,7,7,-0.00982380006462336,3,2,2.67307996749878,0.486068099737167,0,0,0,0,1,0.833333313465118,0.5,3,5.34999990463257,NA,NA,14.1800003051758,9,9,26,266.679992675781,0.0799999982118607
"68","Spain",14000,9.54681301116943,0.163059800863266,0.00417059985920787,0.164000004529953,2.65824604034424,1.72558104991913,20.9400005340576,21.8999996185303,0.155507594347,5.69999980926514,0.29673370718956,0.200000002980232,3.47059011459351,4.1875,1.60327005386353,1.58140003681183,1.27907001972198,4.11765003204346,0.845201313495636,1,0,0,0,0,0.833333313465118,0.75,4,6.17726278305054,97.0999984741211,5.09999990463257,494.390014648438,10,11,82,2421.73999023438,0.170000001788139
"69","Sri Lanka",820,6.709303855896,0.003180299885571,0,0.169799998402596,NA,NA,40,31.2999992370605,0.105793498456478,NA,0.73082822561264,0.400000005960464,6.17646980285645,6.02941179275513,-0.611678123474121,2,2,0.333332985639572,0.678018629550934,0,0,0,0,1,0.5,0.5,3,5.08451509475708,61,2.09999990463257,12.5299997329712,8,8,23,161.669998168945,0.200000002980232
"70","Sweden",25040,10.1282300949097,0.394262194633484,0.0310254003852606,0.162400007247925,2.64870810508728,-0.449701994657516,13.6499996185303,19.7999992370605,0.174123495817184,4.69999980926514,0.014169099740684,0,7,7,1.57280302047729,3,2,0,0.993807971477509,0,0,0,1,0,1,0.75,4,6.8957371711731,NA,8.80000019073486,0,4,6,13,640.450012207031,0.0299999993294477
"71","Switzerland",38350,10.5545101165771,0.906602680683136,0.0358745008707047,0.166199997067451,2.02521800994873,0.130901098251343,8.60000038146973,NA,0.232802897691727,5.19999980926514,0.0185828004032373,0.200000002980232,7,7,1.98625195026398,3,2,0,1,0,0,1,0,0,1,1,5,7.43703699111938,100,8.5,3835,6,7,16,6612.91015625,0.170000001788139
"72","Taiwan, China",13248,9.49160194396973,0.143488600850105,0.00918000005185604,NA,NA,NA,16.5,NA,0.119752496480942,5.19999980926514,0.487656712532043,0.600000023841858,2.79999995231628,2.65714311599731,1.29366397857666,1,1,6.1399998664856,0.417956709861755,0,0,1,0,0,0.833333313465118,NA,5,NA,NA,NA,779.77001953125,8,8,37,874.440002441406,0.0700000002980232
"73","Tanzania",240,5.48063898086548,0.000415099988458678,0,0.257099986076355,4.04164695739746,6.00749921798706,31,42.2000007629395,NA,NA,0.990311682224274,0.600000023841858,3,3,-0.485337287187576,1,2,6.5,0.170278698205948,0,0,0,0,1,0.5,0.5,3,4.46191883087158,86.1999969482422,NA,196.070007324219,11,13,29,804.47998046875,3.34999990463257
"74","Thailand",1960,7.5806999206543,0.0203954000025988,0.00207910011522472,0.160999998450279,3.14700889587402,4.20949077606201,37.5,NA,0.152304902672768,4.90000009536743,0.744078397750854,0.600000023841858,3.03922009468079,2.73333311080933,0.00976760033518076,1.11627995967865,0.860464990139008,3.33332991600037,0.547987580299377,0,0,0,0,1,0.666666686534882,1,4,6.23000001907349,78.3000030517578,6.30000019073486,0,8,9,35,125.300003051758,0.0599999986588955
"75","Tunisia",2100,7.64969301223755,0.00759629998356104,0.000108499996713363,0.161899998784065,NA,NA,45,57.0999984741211,NA,NA,0.684130787849426,0.600000023841858,1.625,1.54285705089569,0.632875800132751,2,1,7.47499990463257,0.18885450065136,1,0,0,0,0,0.333333313465118,0.5,3,5.14569520950317,73.8499984741211,3.84999990463257,0,4,9,41,361.660003662109,0.170000001788139
"76","Turkey",2900,7.97246599197388,0.0252097994089127,0.000784399977419525,0.172700002789497,NA,NA,23.2999992370605,NA,0.369937986135483,5.09999990463257,0.803790807723999,0.800000011920929,5.94339990615845,5.91176509857178,-0.412272095680237,1.81394994258881,1.62791001796722,0.830188989639282,0.634674906730652,1,0,0,0,0,0.333333313465118,0.75,4,5.15502214431763,94.6999969482422,2.90000009536743,114.669998168945,12,13,44,560.320007324219,0.189999997615814
"77","Uganda",320,5.76832103729248,0,NA,NA,NA,NA,NA,56.4000015258789,NA,NA,0.841767728328705,0.800000011920929,2.73529005050659,2.58620691299438,-0.250578999519348,0.481480985879898,0.962962985038757,4.7058801651001,0.21362230181694,0,0,0,0,1,0.333333313465118,0.75,2,3.74000000953674,66.8000030517578,NA,1.60000002384186,11,11,29,97.2699966430664,0.300000011920929
"78","Ukraine",750,6.62007284164429,0.00110460002906621,0,0.186000004410744,5.50496006011963,4.82541418075562,36.6399993896484,NA,NA,3.90000009536743,0.979862570762634,NA,2.94443988800049,3.51428604125977,-0.89290851354599,NA,NA,6.12963008880615,0.250773906707764,0,1,0,0,0,0.5,0.5,4,5.12874889373779,48.9000015258789,4.69999980926514,89.4100036621094,13,13,30,192.679992675781,0.259999990463257
"79","United Kingdom",22640,10.0274696350098,0.999220371246338,0.015607800334692,0.164499998092651,2.59895610809326,0.44356980919838,11.8999996185303,NA,0.326616495847702,5.40000009536743,0.137050703167915,0.319999992847443,7,7,1.96612095832825,3,2,0,1,0,0,0,0,1,0.833333313465118,1,5,6.5145788192749,97.5,6,158.759994506836,4,5,4,324.140014648438,0.00999999977648258
"80","United States",30600,10.3287601470947,0.0932350978255272,0.00108580000232905,0.148499995470047,2.27271103858948,-0.267360985279083,9.93000030517578,NA,0.341162592172623,5.90000009536743,0.234264492988586,0.400000005960464,7,7,1.36585104465485,3,2,0,1,0,0,0,0,1,1,1,5,8.09739017486572,85,NA,0,3,4,4,151.199996948242,0
"81","Uruguay",5900,8.68270778656006,0.0150028001517057,0.000918500008992851,0.240899994969368,2.96284198760986,NA,35.2000007629395,NA,NA,NA,0.551261425018311,0.600000023841858,4.71154022216797,4.70588302612305,0.61779248714447,2.06977009773254,1.44185996055603,2.11538004875183,0.622291028499603,1,0,0,0,0,0.833333313465118,0.75,4,5.86955595016479,82,NA,2550.10009765625,10,10,23,2920.10009765625,0.490000009536743
"82","Venezuela",3670,8.20794677734375,0.00715629989281297,4.38999995822087e-05,0.209199994802475,2.78993606567383,4.95162010192871,30.3999996185303,NA,0.13687489926815,3.29999995231628,0.925764918327332,0.600000023841858,5.09258985519409,5.7142858505249,-0.849207997322083,2.2325599193573,1.60465002059937,1.16666996479034,0.888544917106628,1,0,0,0,0,0.5,0.5,3,5.37461614608765,55,NA,6.26999998092651,14,14,104,389.019989013672,0.109999999403954
"83","Vietnam",370,5.91350317001343,0.000377999996999279,2.6100000468432e-05,NA,NA,NA,NA,NA,NA,4.90000009536743,0.798288404941559,0.660000026226044,3,2.68571400642395,-0.299863010644913,0.864865005016327,0.864865005016327,7,0,0,1,0,0,0,0,0,1,5.69999980926514,60.5,4.5,38.5999984741211,16,16,112,494.950012207031,1.3400000333786
"84","Zambia",320,5.76832103729248,0.00875400006771088,0.00241499999538064,0.219999998807907,NA,NA,NA,NA,NA,NA,0.889885723590851,0.600000023841858,2.25713992118835,1.90322601795197,-0.398935496807098,1.36000001430511,1.36000001430511,5.62857007980347,0.362229108810425,0,0,0,0,1,0.5,0.5,3,4.80377578735352,55,2.5,0,5,6,29,193.559997558594,0.600000023841858
"85","Zimbabwe",520,6.25382900238037,0.00523190014064312,0,0.193299993872643,NA,NA,NA,33.9000015258789,0.126139104366302,3.70000004768372,0.794014871120453,0.660000026226044,4.6428599357605,5.27586221694946,-1.12916600704193,2,1.77778005599976,3.92857003211975,0.312693506479263,0,0,0,0,1,0.333333313465118,0.5,2,4.94000005722046,57.5999984741211,6.5,0,5,5,47,67.0500030517578,0.129999995231628
